gene	cDCs_c	cDCs_a	mono_c	mono_a	DEG
RAB24	-1.2096146499999998	-1.1320755	-1.0097765	-1.1082594	-3
ISG20	-1.5987116000000001	0.4739056	-1.0587848	-0.44277674	-2
TRIM34	-7.0593762	-1.14306755	-1.5922908	0.2267024	-2
SAMD9	-1.17112095	0.64192596	-1.3851366	-0.1168871	-2
METTL4	-0.0	-1.8701936	-1.4179121	0.18953967	-2
PSMA2	-0.0	-1.2774128500000002	-1.0726918	-0.37633303	-2
GZMB	-0.0	-2.2267288	-1.7687105	-0.41599855	-2
MARCKS	-0.1214517	-1.1833453	-2.1886864	-0.38614708	-2
BUB1	-0.0	-6.4393372499999995	-0.0	1.2008766	-2
TRANK1	-0.22635798000000001	-1.33115265	-1.0701853	-1.2962803	-2
JUNB	-1.3112368	0.44034079000000004	-1.3408196	-0.13408707	-2
CDC42EP2	-0.0	-6.6139498	-1.3440397	-0.8117351	-2
CHMP5	-1.39826295	-0.254540125	-1.0386436	0.14564331	-2
CD9	0.32026599	-1.1322369	-0.35575366	1.0462273	-2
PAOX	0.912158075	-1.13957695	-1.9149922	-0.015318231	-2
TREX1	-0.0	-1.0698795600000002	-1.8688227	-1.0972291	-2
SAMD4A	-0.57149558	-0.90524	-0.040381704	-1.2068605	-1
DENND2D	-0.17971500499999998	-0.691494767	-0.07447731	-0.9259135	-1
PSMB9	-0.32951096999999996	-0.929775095	-0.3687441	-1.0424066	-1
RSBN1L	-1.3150944	-0.65225919	-0.70040786	-0.65181345	-1
RPS6KA5	-0.84499145	-0.86903975	-1.187299	-0.8738863	-1
HLA-E	-0.246931015	-0.403166905	-0.7951512	-0.35577908	-1
APOBEC3D	-6.8309207	-1.4950751000000002	-0.326829	-0.97575486	-1
TBC1D9	-0.96509695	-0.120960051	-0.60433877	-0.18664896	-1
DNPEP	-0.07379354	-1.5427073999999998	-0.027619198	-0.27671114	-1
SERPING1	-1.00224788	-0.5481744	-0.48904544	-0.5376312	-1
CASP4	-1.28195185	-1.4776701	-0.22093903	-0.67652637	-1
ATF5	-0.36983274	-1.72810565	-0.5838225	-0.8677033	-1
NDUFA9	-0.91191255	-1.31971285	-0.5020467	-0.30688456	-1
MAP3K14	-0.038973985	-0.618190225	-0.11597821	-0.0807115	-1
IFI35	-1.2509046000000001	-0.2895734	-0.11189628	-0.92685336	-1
TMEM60	-0.77907322	-1.02625487	-0.2952663	-0.16766636	-1
CCL5	-0.36010169999999997	-0.13821022	-0.5863819	-0.70923764	-1
CARD16	-0.26240644999999996	-1.6204372	-0.8943012	-0.635175	-1
RNF149	-0.375350355	-0.82849668	-0.009344618	-0.51264244	-1
BTN3A1	-0.771500785	-1.95188745	-0.54620725	-0.61031723	-1
IL4I1	-0.14485052	-0.32856301	-0.83021265	-1.1078867	-1
TRADD	-1.0082472	-1.208914	-0.031978276	-1.0240867	-1
TRIM21	-0.60839295	-1.7553904	-0.7010716	-0.41016576	-1
GEM	-0.78155453	-0.8550478	-1.5863922	-0.8196409	-1
HLA-B	-0.2148591	-0.32144902000000003	-0.4807255	-0.27505457	-1
NT5C3A	-1.2409851	-0.579873205	-0.12329923	-0.10090483	-1
HLA-DMB	-0.5056214699999999	-0.06441730500000001	-0.55277073	-1.2242371	-1
TYK2	-1.02434665	-0.63763562	-0.4337125	-0.26606533	-1
GADD45B	-0.6846490000000001	-0.68126047	-0.9881854	-0.05128463	-1
TNFSF13B	-0.852417625	-0.45423907999999996	-0.37775254	-0.681061	-1
RUNX3	-0.7605679750000001	-0.379521525	-0.565542	-0.5361089	-1
CD68	-0.195767195	-1.3397847	-0.5375195	-0.011796259	-1
RTP4	-2.1359534	-2.5697649499999997	-0.52273905	-0.43223858	-1
APOBEC3G	-0.97325565	-1.69022205	-0.63957125	-0.80830353	-1
TNFSF10	-0.329071345	-2.02710648	-0.9659892	-1.3310275	-1
GBP4	-0.096942455	-1.27202905	-0.13483411	-1.2227687	-1
HLA-DOB	-0.20351645000000002	-0.336908905	-0.35194236	-0.13879378	-1
IL18BP	-0.267447165	-1.5975384	-0.09362888	-1.153417	-1
LGMN	-0.271951045	-0.79050868	-1.5384375	-0.7542929	-1
IRF7	-0.42772383999999997	-0.21862284999999998	-0.35561833	-0.77330697	-1
RASSF4	-1.3063294	-0.369107715	-0.3438996	-0.5367133	-1
UNC93B1	-0.0985944415	-0.30569372	-0.51472896	-0.76781136	-1
FGL2	-0.476486445	-0.751753385	-0.7021809	-0.8835321	-1
PTGIR	-0.27276955	-0.225636925	-0.28537583	-0.38850623	-1
CD40	-1.39783195	-2.016105915	-0.3632263	-1.0730586	-1
LBH	-3.24954235	-0.09352150000000004	-0.79354876	-0.4630909	-1
NMI	-0.374938535	-1.6247337	-0.09867741	-0.6384264	-1
DLL1	-0.0	-0.0	-0.0	-1.204147	0
CNP	2.34341195	0.174778195	0.4669341	-0.0952304	0
LYPD5	-0.0	-0.0	-0.0	-1.3399953	0
RNF213	0.29463207	0.09922861	1.2899276	-0.71320575	0
PGAP1	-0.0	0.027668239999999997	-0.67492366	0.005318034	0
UBA7	0.84489945	-0.715704	-0.101940416	-0.7715221	0
NCOA3	0.15537487	0.12557792499999998	-0.047310997	0.24654809	0
ZNF385B	-0.0	-0.0	-0.0	-0.0	0
PRDM8	-0.0	4.52623505	-0.0	-0.13368315	0
CBX4	-0.0	0.412800295	-0.24292883	-0.3155146	0
GCNT1	0.08610125	-0.024259360000000008	-0.4546861	0.46345988	0
RNF31	0.088375375	-0.28083239249999997	-1.2722495	-0.27279606	0
ZNF618	-0.0	0.128200445	-0.0	0.0074638007	0
PLEKHF2	0.7002499499999999	0.19182281500000004	0.4031062	-0.3771234	0
ARHGAP29	-0.0	-0.0	-0.0	1.0052625	0
NFKBIZ	0.326473515	1.53484745	-0.5810961	-1.0395125	0
PMAIP1	1.16174855	1.605619	-0.89083344	-0.25954214	0
ZBTB21	-0.0	-0.228747535	0.5612841	0.13799883	0
NUAK2	1.4006861499999999	-0.473492395	-0.26251814	-0.5496195	0
CCDC9	-0.0	-1.570946	0.3740962	-0.4168363	0
SLC12A7	0.9698967000000001	0.07051153499999999	-0.048936307	0.021387462	0
SORBS1	-0.0	5.621569	-0.0	0.06035228	0
ETV7	-0.0	-1.62308785	0.28297293	-0.957512	0
DGKG	-0.0	0.19917436	-0.440487	0.22814043	0
TRIM38	0.267477425	0.86500073	0.24924028	-0.36817592	0
CSRNP1	2.0942261	0.39396137000000003	-0.5500315	-0.3601801	0
MT1F	-0.0	0.0056239069999999974	0.85955554	-0.19967818	0
GPD2	-0.0	-0.56368451	0.4393053	0.24854492	0
ZNF641	-0.0	1.2983643	0.48990312	-0.058933258	0
PATL1	0.606899175	-0.11936441249999999	1.0320786	0.099886276	0
WHAMM	-0.73037228	1.1531211	0.025138201	0.21701318	0
FHDC1	-0.0	-0.0	-0.0	-0.0	0
C19orf12	-0.0	0.09382535000000003	0.41125575	-0.49967742	0
ADARB1	-0.0	0.81317065	5.1621394	-0.061091136	0
RBM43	-0.0	-1.01474408	0.19848986	-0.3047404	0
EPAS1	-0.0	5.7130146	0.5868359	0.13194151	0
NAMPT	1.21335835	0.06782766499999998	0.2758073	-0.13460337	0
CCDC117	-0.0	-0.0204186055	0.48370627	-0.1539005	0
COBLL1	-0.0	-1.4061047199999999	-0.8500693	0.8042364	0
UBXN2A	0.0814553	0.447487083	0.4590353	-0.45561156	0
ZNF296	1.522451	-0.27564412	-0.44892728	-0.12841211	0
CACNA1I	-0.0	-3.2240045	-0.0	-0.0	0
WDR25	-0.0	0.19128667500000002	-1.0867876	-0.10048814	0
SLC1A1	-0.0	-0.0	-0.0	-0.0	0
LAMP3	-0.0	-1.7338784999999999	-0.0	-0.8364648	0
IFNLR1	-0.0	-0.0	-0.0	-0.87534046	0
OTUD4	-0.0	-0.17222769999999998	-0.24313445	-0.29448545	0
C11orf96	-0.0	4.5980015	-0.0	-0.0	0
ACTN2	-0.0	2.003980565	-0.0	-1.0613381	0
RIMKLB	-0.0	1.89489165	-0.0	-0.81934696	0
UHRF1BP1	-0.751691	0.33056822350000004	0.7409187	0.015099187	0
CXCL16	-1.23401855	0.204219825	-0.5052201	-0.23508647	0
UBE2QL1	-0.0	-0.0	-0.0	-0.0	0
C4orf33	-0.0	-0.037547415	0.6645439	0.053296257	0
RASGEF1B	-0.0	-0.03824187000000001	-0.01613888	0.29428253	0
KIAA1671	-0.0	0.717904091	-0.0	0.4145785	0
CDH23	-0.12020789	0.3614130815	-0.6217265	-0.42252794	0
LZTS2	-0.0	-1.97503655	0.3985842	0.43875775	0
LIFR	-0.0	-0.0	-0.0	-0.0	0
PPP2R2A	-0.19620894500000002	-0.430181885	0.037504002	-0.42925388	0
PYCARD	0.17187294	-0.561390175	0.48983827	0.48271567	0
BTC	-0.0	-0.0	-0.0	-0.0	0
ATXN7L1	8.627185	-0.23595162500000003	-0.0	-0.30045074	0
LEPR	-0.0	1.0037279300000002	-0.0	0.39627147	0
FHL3	0.0930464	0.6833966	-0.16518947	-0.0445317	0
FNDC4	-0.0	-0.0	-0.0	-0.0	0
CLDN23	-0.0	2.50214975	-0.0	-0.8613923	0
JADE2	0.807455475	0.22349173	-0.36515716	-0.66474295	0
SLC37A3	-0.0	0.1404204025	1.0219539	-0.5048763	0
KAT2B	-0.0	0.05899903000000001	0.5281286	-0.10887057	0
NFIL3	-0.0	1.82935585	0.590422	0.385806	0
NRN1	-0.0	-0.0	-0.26147446	-0.3927043	0
SLC16A1	-0.201138705	-0.28885337499999997	1.3645968	0.512657	0
NRBP1	0.560979365	0.19819543500000003	-0.14357395	-0.301822	0
PTN	-0.0	-0.0	-0.0	-0.0	0
TRIM26	-0.77180082	-0.141590159	0.95587975	-0.28558862	0
NAPA	0.20859877999999998	-0.411623535	-0.21285391	-0.6949143	0
TNFRSF1A	-1.8144217	-1.3643526000000001	0.38622773	-0.25405532	0
LMO2	-0.544378475	0.139885385	-0.2863629	-0.25353116	0
TBX3	-0.0	-0.0	-0.0	-0.0	0
ELOVL6	-0.0	-0.0	3.706797	-0.7282922	0
CFH	-0.0	-5.2818758500000005	-0.0	-2.8993227	0
ANGPTL1	-0.0	4.2361315	-0.0	0.6606129	0
APOBEC3A	-0.0	0.748692775	-1.6165423	0.3549242	0
PUS1	-0.0	0.690070535	0.26302877	-0.39375874	0
PARP15	-0.0	-0.097976115	0.6723691	-0.37547883	0
KIAA1755	-0.0	-0.0	-0.0	-0.0	0
PLEKHH2	-0.0	-0.0	-0.0	-0.0	0
XAF1	-0.471771665	1.8910938000000002	-0.26800492	-0.119683966	0
TRIM9	-0.0	-0.0	-0.0	-0.0	0
C19orf66	1.09535707	-0.0	-0.107336976	-0.0	0
VSIG10L	-0.0	1.0867428499999998	-0.09232648	0.39362597	0
IER2	0.20190336	0.5019222	-0.775397	-0.6745998	0
USP28	0.0117357245	-0.250799795	-0.1831377	0.023709638	0
IRF2	0.06283012950000001	-0.74561259	-0.51584285	-0.58790576	0
RNF138	0.47885905	0.676017275	-0.051277492	-0.013616757	0
HOXD8	-0.0	-0.0	-0.0	-0.0	0
CYP2J2	-0.0	-0.0	-0.0	-0.0	0
PDZD2	-0.0	4.5881577	-0.0	-0.7671309	0
CCL2	-0.0	5.6844096	-0.7661663	-1.2978988	0
SCO2	-1.1944431500000001	0.512711865	-0.8096441	-0.064029105	0
CD72	0.229177753	-0.455966189	-0.4380262	0.017640004	0
PLAGL1	-0.127325245	0.098515195	-0.10986237	-0.09059446	0
STX11	1.3288528	0.11263456499999999	0.9170023	-0.46303114	0
MR1	1.1052870000000001	-1.0833055	-0.13246976	-0.4435113	0
MAFF	-0.74130371	-0.14502185000000006	0.6054312	-0.01836626	0
ULK4	-0.0	0.56470509	-0.5967835	-0.49064612	0
CASP1	0.212586515	-0.58513952	-0.6959797	-0.7689098	0
THAP3	6.40836	-0.15304084499999998	-0.12426333	-0.7435053	0
SLFN12L	7.319641	0.67807173	-0.009414161	-0.66112494	0
CCR1	-1.19972965	-0.606261555	0.042454474	-0.050986834	0
H3F3C	-0.0	-0.0	1.252996	-2.5212135	0
DHRS3	1.8224093	-0.84403805	-0.0	0.5042036	0
LIMA1	1.5463388999999998	-0.99915325	-0.0	-0.73606306	0
XIRP1	-0.0	-0.0	-0.0	-0.0	0
CARD6	-0.0	0.19132475200000001	0.27377954	0.06391296	0
C15orf48	-0.0	-1.29671815	0.51108015	-0.84992313	0
ENY2	1.4293705499999998	-0.8731484999999999	0.06947018	0.18721986	0
TACSTD2	-0.0	-8.103856	-0.0	-0.0	0
CX3CL1	-0.0	-0.0	-0.0	-0.0	0
IL17RB	-0.0	4.6227136	-0.0	-0.0	0
TTC39A	-0.0	-0.0	-0.0	-0.0	0
RAB27B	-0.0	-0.0	-0.0	0.1298051	0
L2HGDH	-0.0	3.62237336	-0.0	-0.27268374	0
RAD9A	1.1224738	-0.8878216000000001	-0.7802606	-0.17023851	0
BCL3	-0.0	-0.662610795	0.9730045	-0.6272385	0
LRRC3	-0.0	-0.0	2.2628953	-1.2791675	0
C3orf38	-0.339853375	-1.2280023	0.103093	-0.43945783	0
FGF5	-0.0	-0.0	-0.0	-0.0	0
RET	-0.0	5.5330606	-0.0	-3.2116213	0
FUT4	-0.0	-0.6043724	1.2401772	-0.14403021	0
TMEM171	-0.0	-0.0	-0.0	-0.0	0
HPSE	-0.0	4.0899633799999995	0.22546165	-0.5774278	0
PNMA2	-0.0	-0.0	-0.0	-0.0	0
RBM25	-0.0896286115	-0.09788912079999999	0.6140453	-0.14125103	0
LRRC66	-0.0	-0.0	-0.0	-0.0	0
ADM	-0.0	-0.5174592250000001	1.5105449	0.05426586	0
RBCK1	-0.40046170000000003	-0.746459125	0.031144982	-1.1799268	0
APOBEC3F	-7.408854	0.01877934	-0.19450815	-0.56041217	0
C6orf62	0.200583715	-0.6833322350000001	-0.5117442	0.0163112	0
RASGRP3	1.59830555	0.12371965000000001	-0.0	0.10655737	0
SMCHD1	-0.097480182	0.0600582575	-0.28226015	-0.21008687	0
APOL3	-0.6781576549999999	-1.3302643	0.12991378	-1.0821463	0
BLOC1S3	-0.0	-3.19747875	-0.0	-0.06356163	0
COL11A1	-0.0	-0.0	-0.0	-0.0	0
FKBP1B	-0.0	-0.1375454	-0.0	0.4464559	0
MAFB	-0.22547817	-0.765940308	0.5943386	0.44054425	0
ADCY5	-0.0	-0.0	-0.0	-0.0	0
HLA-F	0.37659277	-0.12254517	-0.46737507	-0.1686995	0
FPR2	-0.0	-1.4862366	1.523133	-0.26894486	0
P2RX7	-1.8378233000000002	-0.78374595	0.14260875	-0.39357612	0
RMI2	-0.0	-2.423711135	1.7059999	-0.73840773	0
CD69	-1.6340268	0.786845532	0.33445492	0.19440567	0
RBBP6	-0.7701328	0.567944825	-0.7418208	-0.106314525	0
CPEB3	-0.0	0.48310204999999995	-0.3426193	0.06318102	0
NCF1	-0.1024535	-1.22163775	0.27171025	-0.78089803	0
TTC39B	-0.0	-1.86161635	0.365174	-0.16110834	0
AHNAK2	-0.0	-0.0	-0.0	-0.0	0
LAMA1	-0.0	-0.0	-0.0	-0.0	0
CCNA1	-0.0	-0.0	-0.0	-1.778438	0
ARG2	-0.0	-0.7737935499999999	-1.0706862	0.8127784	0
TLR2	-0.0	0.4337253	0.89215416	0.72438425	0
MT1H	-0.0	-0.0	-0.0	1.4865532	0
C5AR2	-0.0	-0.0	-0.6421491	-0.004783669	0
TAP2	-0.0	-1.8387485	0.35739893	-0.9297189	0
AZIN2	-0.0	4.6833386	-0.0	-0.0	0
NKX3-1	-0.0	4.386878	-0.0	-0.04074322	0
PARP14	-0.506220295	0.52148963	-0.06579756	-0.9286029	0
PLEKHA4	-0.0	-0.0	-0.0	-0.14452927	0
VRK2	0.83403653	-0.300202195	-0.30763677	-0.21831402	0
SAP130	0.3040994	0.672406395	0.11262672	-0.16187689	0
GPR180	-0.0	-0.29404687500000004	-0.6127664	-0.096514426	0
NRSN2	-0.0	-1.90098645	-0.0	-1.0333937	0
PARP12	-0.22073543499999998	-0.19037987850000002	0.024123788	0.3920752	0
RASD1	-0.0	-1.5402458	-0.0	0.89622205	0
CCDC92	-0.0	-0.5987381	0.22427459	-0.15788473	0
IFIT1B	-0.0	-0.0	-0.0	-0.0	0
TCF7L2	1.2013115	-0.52911077	-0.89747685	-0.08763247	0
P2RY6	0.9728356499999999	-0.8112898500000001	-0.2154459	-0.26519954	0
CDKN1A	-1.0846986	0.8696928825000001	-0.97754204	-0.17682174	0
OPTN	-0.0	-0.7979660599999999	0.6840467	-0.34251785	0
GPX2	-0.0	-2.5039072	-0.0	-0.0	0
TMEM217	-0.0	0.5469214	-0.0	-0.89512295	0
TICAM1	5.482181	-0.81843876	0.22334328	0.29431257	0
FST	-0.0	-0.0	-0.0	-2.4549062	0
DUSP5	-0.0	0.24466160000000003	-1.0733211	-0.30206782	0
TRAFD1	-1.8207319	-1.673024	0.37710452	-0.6690511	0
MELK	-0.0	4.7382345	0.18087867	-1.7201276	0
PITX1	-0.0	-0.0	-0.0	-0.0	0
NEURL3	-0.0	-0.0	-0.0	-0.0	0
CCL19	-0.0	-0.0	-0.0	-0.0	0
CCND3	0.49789093	-0.62250658	1.040152	0.68572253	0
SIRPA	-0.0	0.15927787	0.5684214	-0.15195766	0
SYNE2	-0.0	0.75290323	1.4786834	-0.26483816	0
GNB4	-0.013322899999999999	-0.13549321	1.0093699	-0.5289423	0
FBXO6	-1.040965	-1.5455076	0.74526733	-0.74944353	0
BIRC3	-0.0	-0.5145858649999999	-0.8002022	-0.49314496	0
SLC26A4	-0.0	-0.0	-0.0	-0.0	0
DDX60	-0.031119438	1.53718493	0.17695013	0.36120462	0
GIMAP2	-0.0	-0.5780495065	-0.41021478	0.10232624	0
NEDD1	8.866465000000002	-0.10538033499999999	0.002042449	0.052299663	0
FAM122C	3.7996106099999998	-0.224427195	-0.9632995	-0.17729148	0
CYP1B1	-0.0	0.636225825	1.8176663	0.34930965	0
RIPK2	0.562860275	0.7413181799999999	0.4422846	-0.7868252	0
ATP10A	-0.0	2.1591940999999997	0.42413372	0.32387042	0
SPTLC2	2.5679866000000002	0.30375280000000004	0.9453465	-0.12822314	0
RXFP1	-0.0	-0.0	-0.0	-0.0	0
PSORS1C1	-0.0	-0.0	-0.0	-0.0	0
EDN1	-0.0	-0.0	-0.0	0.38334683	0
ADAMTS3	-0.0	-0.0	-0.0	-0.0	0
SNN	0.84517895	-0.37308236499999997	-1.1112365	-0.3436661	0
MT2A	0.5311448000000001	-1.8378432	-0.016318632	-1.1964971	0
ZNF775	-0.0	-0.391398715	-0.0	-0.22331606	0
MAB21L2	-0.0	-0.0	-0.0	-0.0	0
C6orf141	-0.0	-0.0	-0.0	-0.0	0
VEZF1	0.046512282999999995	0.8544019165000001	-0.10665111	0.10967263	0
HES4	-0.0	1.0902343499999998	-3.5051744	-0.82123786	0
PLEKHH1	-0.0	-6.37574975	-0.0	-0.0	0
ADAM19	-0.08316561	-1.3084729	1.1356094	0.27874452	0
FAM124A	-0.0	-0.0	-0.0	-0.0	0
PKDCC	-0.0	-0.0	-0.0	-0.0	0
MKX	-0.0	-0.0	-0.0	-0.0	0
MT1M	-0.0	-0.0	-0.0	2.2817235	0
TMEM173	-0.496973395	-1.122110865	0.11402525	-0.10382196	0
KIF5C	-0.0	-3.3249535999999997	-0.0	-0.6376381	0
PGR	-0.0	-0.0	-0.0	-0.0	0
SPATA13	-0.14504431	-0.53101349	0.3345834	-0.2808526	0
RGL1	-0.0	-0.04775097500000003	-0.11263963	0.51805085	0
MAP2K6	-0.0	0.22833262	0.5715755	0.2250902	0
CD80	-0.0	2.0459273000000002	-0.0	-0.0112337405	0
ANKIB1	-2.8148233	-0.225932009	0.4163679	-0.44073144	0
SLC16A4	-0.0	4.5647745	-0.0	-0.0	0
NOD1	0.55188755	-1.51896345	-0.41895846	-0.12815847	0
CCL4	-0.0	0.53484235	-0.7766987	-1.0657072	0
SCLT1	-0.9047621650000001	0.3027355	-0.07628929	-0.40429273	0
CAB39L	-0.0	0.910421375	0.7002786	0.098528996	0
C4A	-0.0	-0.0	-0.0	-0.0	0
HIRA	-0.0	-0.19854769	0.100700706	-0.0060628736	0
BANF1	1.7919806999999999	-1.08348455	-0.1120255	-0.53183204	0
IFNA2	-0.0	-0.0	-0.0	-0.0	0
JAK1	-0.57593212	0.326718685	-0.4671255	-0.47677872	0
TTC9	-0.0	-3.19747875	0.4529917	-0.6653286	0
MMP25-AS1	-0.0	-0.88410823	0.78443086	-0.07472342	0
C1QB	1.47385715	-5.1093211	-0.68199843	-0.9311628	0
ABCG2	-0.0	-0.0	-0.0	-0.0	0
CCDC184	-0.0	4.6266837	-0.0	-0.28866208	0
PRR16	-0.0	-2.61775875	-0.0	0.66231006	0
CPT1A	1.37167875	-0.5233247185	0.99766433	0.3158268	0
B4GALT5	-0.0	-0.520146105	1.7138572	-0.03372528	0
PXDC1	-0.0	-0.38523503000000003	3.6158073	-1.1932876	0
PDCD1LG2	-0.0	-1.51264865	-0.0	-1.0301653	0
AGTR1	-0.0	-0.0	-0.0	-0.0	0
RUSC1-AS1	-0.0	3.128685915	-0.0	-0.039286397	0
RALB	-0.2756727475	0.932955435	-0.10108587	-0.41897428	0
TRIM14	-0.062959136	-0.96547747	0.07859668	-0.15181586	0
COL27A1	-0.0	-0.0	-0.0	-0.0	0
MOV10	2.0930158	-0.829560825	-0.07279861	-0.3804311	0
VEGFC	-0.0	4.4813256	-0.0	-0.0	0
BATF3	0.32134606	0.5461641150000001	-0.5765428	-1.107281	0
NTNG2	-0.0	1.8911201800000002	0.6465884	-0.01986827	0
ATF3	0.059907925	1.207614325	-1.5878139	-0.30797204	0
FOXF1	-0.0	-0.0	-0.0	-0.0	0
C2orf27A	-0.0	1.3622660999999998	-0.0	-0.73417336	0
YBX3	0.7062328449999999	0.52345677	-0.75254387	-0.6107391	0
BDKRB2	-0.0	4.549943	-0.0	-0.0	0
KCNT2	-0.0	-0.0	-0.0	-0.0	0
GSDMC	-0.0	-0.0	-0.0	-0.0	0
RHPN2	-0.0	-0.0	-0.0	-2.4079618	0
TBX15	-0.0	-0.0	-0.0	1.3906586	0
MAX	-1.0493156300000002	-0.615777185	0.41986004	-0.83045506	0
SP110	-0.33393201	0.42000013	-0.2888565	-0.4989418	0
RNF122	-0.0	-0.22357475000000004	-0.0	0.03865965	0
TLK2	-0.980183	-0.880092665	0.8365254	-0.08033253	0
ATP10D	-0.29114992	-0.88731827	0.1753846	-0.3327452	0
MAFK	-0.0	-0.157606645	0.01201429	0.25275344	0
SKIDA1	-0.0	4.85088	-0.0	0.15579526	0
ADAMTS9	-0.0	-0.0	-0.0	-0.0	0
UBA6	1.3179585999999999	0.414439085	0.34669787	-0.430523	0
PCGF5	-0.8954424000000001	0.603746055	-0.56216776	-0.29595035	0
RNASE4	-0.0	4.31700575	0.67686427	0.8284536	0
ALYREF	1.6916134999999999	-0.46704853	-0.24674466	-0.07237552	0
EXOC6	-0.27715551499999996	-1.0576777000000002	0.37345043	-0.04587762	0
FAM131B	-0.0	4.3832498	-0.0	-0.0	0
GALNT2	-0.8174702250000001	-0.772932795	1.1650634	-0.035399023	0
IL1R1	-0.0	0.771230062	-0.0	0.44320384	0
PROB1	-0.0	-0.0	-0.0	-0.0	0
EID3	-0.0	1.6504081	-0.0	-0.5408115	0
RORB	-0.0	-0.0	-0.0	-1.71947	0
TYMP	1.0170593	0.16791609999999996	0.7139622	-0.2334718	0
C3orf52	-0.0	-0.0	-0.0	-0.0	0
CBR3	0.13236879	-0.37239926500000003	-0.0	-0.5340155	0
KCNS3	-0.0	-0.0	-0.0	-0.0	0
PHACTR4	0.039955303	0.40704686500000004	0.18424274	-0.6761002	0
TRPA1	-0.0	-0.0	-0.0	-0.0	0
SQLE	0.696777785	-0.3224448465	1.4698552	0.5953102	0
NBN	0.016559932	0.197011075	-0.47822946	-0.33722663	0
B2M	-0.1739484	0.04801517499999999	-0.029845953	-0.033400483	0
PFKFB3	-0.0	0.26016939	0.24902739	-0.4648426	0
CUEDC1	-0.0	0.6236598900000001	-1.3071637	-0.09070154	0
BEAN1	-0.0	5.4761376	-0.0	-0.0	0
PABPC4	0.758539825	0.923929765	0.020209197	-0.08063751	0
CRP	-0.0	-0.0	-0.0	-0.0	0
CA13	-0.0	-0.5689760749999999	-0.0	-1.5554023	0
IL22RA1	-0.0	-0.0	-0.0	-0.0	0
TANC1	-0.0	-1.00520105	-0.0	-0.37283546	0
REC8	1.79130205	0.17472999000000003	-0.31092128	0.44705233	0
LNPEP	0.039408815	0.0761805815	-0.12577668	-0.4877607	0
IFIH1	0.576282115	0.981444923	-0.15456134	-0.15589121	0
RAB20	0.0269379075	0.57879407	0.31761968	-0.6360952	0
AKAP7	-0.6058704349999999	-0.208699477	0.7658021	-0.5821506	0
PLEKHF1	-0.0	-1.44733405	-0.0	-1.2025864	0
FLT1	-0.0	0.62991935	5.5423303	0.54052997	0
CHRNB1	0.7286609000000001	-1.18853892	-0.600986	-0.3796396	0
RNF114	0.028186843500000003	-0.9588154	-0.019307872	-0.48896924	0
P2RY1	-0.0	-1.01234405	1.1310049	-0.14118226	0
CD2AP	0.38249421	0.44475163999999995	-0.11471823	0.23242633	0
SMAD3	2.0930647000000002	0.33666662	-0.026587436	0.03706491	0
SCARB2	2.163478	0.5722886450000001	-0.03429489	-0.102445595	0
PARP8	-0.0209984815	-0.7297294649999999	-0.0	-0.31879282	0
ASAH2B	-0.0	-0.0	-0.0	-0.0	0
MAP3K5	2.0255307499999997	0.34615035	0.54230416	-0.3312573	0
PARP9	0.55021612	-0.09583547000000003	0.5279043	0.16379811	0
PTK2B	1.5978192	0.6051556849999999	0.42376134	-0.586285	0
STK3	0.79433815	-0.69660559	-0.054369487	-0.26215422	0
PCDH17	-0.0	-0.0	-0.0	-0.0	0
APOL1	0.72626127	0.13637407000000001	0.48086458	-1.0891995	0
STAT2	0.9881739199999999	0.004528919999999992	0.14367469	-0.39876965	0
CD274	-0.0	-0.933431913	0.68237126	-2.2908087	0
SYTL3	0.238922015	0.813308975	-0.17134634	-0.38093397	0
EIF3L	0.6499928500000001	-0.34556084499999995	-0.6153846	-0.13402532	0
RHOJ	-0.0	-0.0	-0.0	-0.0	0
ABTB2	-0.0	1.8320807	-0.0	0.84238	0
NCKAP5	-0.0	1.38808335	-0.0	-0.0	0
LYSMD2	0.9425911499999999	-2.41027535	-0.5683333	-0.27099574	0
CPEB2	-0.0	0.259988435	1.071526	0.31150946	0
FNDC3B	0.10526145	-0.06572229499999999	0.5854728	0.3647184	0
MAP4K3	8.51311	1.58190955	-0.8418954	-0.287096	0
MASTL	-0.0	0.60747279	0.86490136	-0.043693177	0
ARNTL2	-0.0	-1.22249205	1.2229333	0.2570686	0
MVB12B	-0.0	1.5113093499999999	-0.18774532	0.4709708	0
BTN3A3	-0.0	-0.420286935	-0.049368154	-0.4970272	0
JAK3	-0.349063435	-1.40787345	0.8812363	-0.90943515	0
LDLR	-0.0	0.12227885299999999	0.3801885	0.059182	0
DEFB1	-0.0	-0.0	-0.6755093	-0.075030886	0
CASP10	5.8451436	1.5633252	0.37545374	-0.40820208	0
F2RL2	-0.0	3.9991339000000004	-0.0	0.39897284	0
RGS20	-0.0	-2.51857375	-0.0	-0.0	0
CYTH1	1.5070564	-0.05197861300000001	0.45549867	0.018763289	0
TMEM229B	-0.0	-1.55445685	-0.3517371	-0.3516343	0
CHSY3	-0.0	-0.0	-0.0	-0.0	0
MSX1	-0.0	-0.0	-0.0	-0.0	0
CHST12	0.676176105	0.48154765	-0.42573312	-0.26443014	0
RAB43	-0.0	0.740498015	-0.25372344	-0.44798115	0
TJP1	-0.0	-0.0	-0.0	-0.0	0
SSTR2	-0.0	-0.0	-0.0	-1.497009	0
STXBP4	-0.0	-0.11659408999999998	0.0219436	0.23070441	0
FAR2	-0.0	0.09205680000000002	-0.007836736	0.12289171	0
FZD5	-0.0	-0.377257415	-0.0	0.11809339	0
NDC80	-0.0	1.7011292	-0.0	0.6016237	0
PLIN2	1.1958817000000002	-0.31596808	0.7858081	0.4670677	0
SSBP3	-0.0	0.794641665	0.057093415	-0.6180527	0
APBB2	-0.0	3.5118063200000003	0.116963275	-0.6566436	0
OGFR	-0.17129185000000002	-1.1080176000000002	0.44790438	-0.6819101	0
BST2	-0.5600496349999999	0.016940735000000012	-0.042817272	-0.68758947	0
AIM2	-0.0	-1.91184636	0.152872	-0.5877482	0
ARID5A	-2.02944545	-0.7488722999999999	0.39262137	-0.86016583	0
DHX58	-9.22086	0.465591538	0.01705637	0.17552288	0
ANGPTL4	-0.0	-0.0	-0.0	-1.8460504	0
SLC25A30	-0.0	-0.21960800700000002	0.31801155	-0.22878288	0
RTCB	0.420079685	-0.8642626	-0.33521697	-0.2783787	0
TFRC	-1.8105524000000002	-0.14974398999999997	0.06438647	0.2220031	0
TMEM51	-0.0	-0.7748793100000001	-0.75304717	0.021494552	0
SCIN	-0.0	4.671069	-0.0	-1.4872575	0
TESK2	-0.0	-0.786046835	0.8232858	-0.77828974	0
TDRD7	1.080246525	0.27844271325000003	0.051661555	-0.1810362	0
DBF4B	-0.0	0.3753716	-0.0	-0.5061514	0
BATF2	-0.0	-5.7686646	-0.0	-1.3013039	0
ALDH1A1	-0.0	-2.0269236	-0.67480904	-0.9376713	0
ESR1	-0.0	-0.1976842404	-0.0	-0.076715305	0
ZFPM2	-0.0	2.61283203	-0.0	0.578833	0
HRASLS2	-0.0	-0.0	-4.7755837	-0.0	0
EXOSC9	-0.19858523	0.3108396	-0.2984135	-0.044124927	0
MSR1	-0.0	-2.6664876	-0.15784496	0.1601543	0
STON2	-0.0	1.44194595	-4.8899236	-0.63066083	0
OSBPL6	-0.0	4.5343223	-0.0	-0.17726076	0
GLRX	-0.267502965	-1.6522326999999999	0.18000124	0.4358561	0
PMM2	-0.23831519499999998	-0.295660227	0.5097635	-0.12632258	0
RICTOR	1.1133103	0.7841720999999999	0.53866744	-0.06503658	0
PRKCE	6.01748975	0.444480025	0.0680644	-0.13269834	0
C17orf67	-0.0	0.011745535000000001	-0.0	-0.8019035	0
TPRG1	-0.0	-0.23827624000000003	-0.0	0.07657041	0
CTCFL	-0.0	-0.0	-0.0	-0.0	0
RNF19A	-0.0	-0.5487239749999999	0.2123681	0.05850493	0
STX17	0.233112385	0.386977225	-0.1481642	-0.29889727	0
CYP11A1	-0.0	-0.0	-0.0	-0.0	0
ATXN7	-0.0	-0.77317652	-0.0	-0.49603894	0
ENDOD1	0.567755515	-0.29559599999999997	-0.66790146	-0.17435732	0
RHOU	-0.0	-0.6483986150000001	1.9513587	-0.23075768	0
BCL2L13	-0.31132315	0.01213678	0.61909866	0.18571375	0
ARHGEF3	1.21443985	0.6670027199999999	0.22008601	-0.123325914	0
MTHFD2L	-1.083159	0.16161274	0.55439705	0.046069745	0
MMAA	-0.0	-1.1907084000000001	-0.36042234	-0.13784327	0
NOTCH1	-0.0	-0.7445298499999999	0.12542973	-0.82284474	0
COMMD3	-0.711900625	-1.5456511000000002	-0.9411684	0.07135341	0
DCP1A	-0.006348240000000005	0.21401311	-0.20397912	-0.27037162	0
PLSCR4	-0.0	4.576327	-0.0	-1.5359061	0
PML	0.81768552	-0.9480716	-0.19388731	0.00067192066	0
EXT1	-0.0	-0.77357195	-1.1374817	-0.58884525	0
MICB	1.1555137	0.530911025	0.8929793	-0.48883122	0
IFI30	-0.119075665	-0.204959915	0.49657238	0.01741909	0
SPSB1	-0.0	1.30379805	-0.0	0.06714791	0
OAS3	0.819050335	1.4922623499999998	-0.24651895	0.85848874	0
SDSL	-0.0	-1.14218285	0.009579869	-0.39200723	0
TMX1	1.167178115	-0.37602108100000003	0.039187763	0.426054	0
CDYL2	-0.0	-0.2400440375	-0.0	-0.25356016	0
CTSS	0.488163325	-0.12389712000000001	-0.27469793	-0.11257727	0
APOL4	-0.0	-1.8623904000000002	2.0667555	-0.5788238	0
SOCS1	-0.0	-0.953350715	1.1273097	-1.6084235	0
ERLIN1	0.478454035	-0.151511045	-0.061503537	-0.019060943	0
PARD3	-0.0	4.4396033	-0.0	0.45289943	0
MX2	1.25570775	0.7335400200000001	-0.71281487	0.29877076	0
SP140L	-1.774504	-0.282659475	0.2128178	-0.20821694	0
CACNG8	-0.0	-0.0	-0.0	1.9121377	0
ZNF107	-0.0	-0.60819731	0.75877154	0.3050925	0
TCF4	0.346814915	-1.51031425	0.024627188	0.23787713	0
PIK3R3	-0.0	3.30883746	-0.0	-0.36529347	0
SLIT2	-0.0	-0.0	-0.0	-0.0	0
CA11	-0.0	0.79883217	0.4289362	-0.9063385	0
KIAA0513	-0.0	-0.88182105	-0.18944742	-0.70377773	0
ANO4	-0.0	-0.0	-0.0	-0.0	0
USF1	1.4314666	-0.56430415	-0.54199106	-0.4331025	0
BLZF1	-0.0	0.191594475	-0.42385927	-0.34601766	0
NCEH1	-0.0	0.30331451	-0.06835991	-0.16379845	0
IRF4	0.93749613	1.03632253	-0.39065877	-0.0009607191	0
C3AR1	-0.0	-0.19437438499999998	-0.06879353	-0.38412434	0
CFB	-0.0	-0.0	-0.0	-0.99753904	0
CFLAR	0.220526665	-0.615362165	-0.03953792	0.15197428	0
BAZ1A	0.122990362	-1.4733739	-0.13471866	-0.8258063	0
IL7	-0.0	0.013112230000000002	-0.0	-0.74917156	0
RAB42	-0.0	-5.7654765	-0.0	0.7112173	0
ZFHX4	-0.0	-0.0	-0.0	-0.0	0
IFIT2	-1.5675056	1.081073475	-0.8987787	-0.94225615	0
STOM	-0.526961425	-1.154283795	0.93549734	-0.48514655	0
AP5B1	-0.0	-0.6321277750000001	0.41543	-0.5304206	0
GCNT4	-0.0	-0.0	-0.0	-1.1325577	0
ADAMDEC1	-0.0	-0.0	-1.4795756	-0.054347623	0
ADAR	0.017457698500000004	0.057587895	-0.3031981	0.3379221	0
CXCL9	-0.0	3.2792823	0.85409695	-2.2255065	0
ELMO2	7.5371933	-1.062194385	0.19635238	0.21415626	0
CEP57L1	8.17545675	-1.49851175	0.5256191	0.45364127	0
GTF2B	0.5824442750000001	0.18787438765	0.2610153	-0.024523722	0
PDE4B	0.164079247	-0.715124015	-0.1120107	-0.59755206	0
MDGA1	-0.0	-0.0	-0.0	-0.08371661	0
CXCL11	-0.0	1.4384781500000001	-0.0	-2.9985168	0
CPNE8	-1.0620192	-0.274541975	0.45566058	-0.074987136	0
SLCO5A1	-0.0	-1.5330564	-0.0	0.8769364	0
ASPHD2	-0.0	-0.370617615	0.43640164	-0.88163036	0
PIK3AP1	0.8945349250000001	0.1141477045	-0.08512506	-0.31274864	0
NUB1	0.162851255	-0.219420875	-0.3510503	-0.87332666	0
GTPBP2	-0.0	-0.56590697	-0.22367665	-0.46536064	0
GPATCH11	0.0240701865	-0.4034773	0.1973163	0.2562486	0
PAX5	-0.0	1.5934510499999999	-0.66814053	-0.055952292	0
CLEC4E	-0.0	0.42928121500000005	0.5063692	0.04070666	0
FREM1	-0.0	-0.0	-0.0	-0.0	0
SLC18B1	-0.0	0.82216788	-1.4516089	0.17962107	0
PHF11	0.0261855675	-0.07222008	0.57110953	0.17335589	0
AGBL2	-0.0	4.571905	-0.0	-3.6807978	0
ENPP1	-0.0	0.892015115	-0.0	-0.0	0
IL15	-0.0	-1.058887675	-0.070329644	-0.5013835	0
SLC30A4	-0.0	4.334999999994205e-06	-0.0	0.1753639	0
SHOX2	-0.0	-0.0	-0.0	-0.43817267	0
IFITM2	-0.712611375	-0.07819298000000002	-0.8984056	0.3365229	0
BRCA2	-0.0	0.50210592	0.27566487	0.16416681	0
ZFP36L2	1.16944225	0.1563908	-1.2868125	0.32599172	0
IRF2BPL	-0.0	-1.014894	0.69919866	-0.20468695	0
PARP4	1.3343946500000001	0.2059616385	-0.1632455	-0.01689668	0
CDKN2D	0.5640738000000001	1.02640937	0.87060124	-0.29935646	0
BAZ2A	0.716126975	0.066682463	0.6439941	-0.46909973	0
CCL8	-0.0	-0.0	-2.5378573	-1.0177959	0
ANKFY1	-0.0	-0.17093830000000002	-0.5925396	-0.21850456	0
PLA2G4A	-0.0	-0.9786154499999999	0.6182642	-0.27436537	0
BRIP1	-0.0	-0.10236939500000002	3.8902612	1.088274	0
LIPA	-0.42357752499999995	-0.7167933	0.24413078	0.35284913	0
KBTBD8	-0.0	-0.08181959500000002	-0.0	-0.34033802	0
TIPIN	-0.0	0.245495385	-0.7421675	0.45776457	0
AKAP6	-0.0	-0.6234401350000001	-0.0	-0.0	0
TLR3	-0.0	-0.5375028	-0.0	-1.6313285	0
TEX29	-0.0	-0.0	-0.0	-1.7523454	0
TAGAP	-0.205014315	0.33334941500000004	-1.1278895	-0.07373021	0
SLC6A9	-0.0	-0.0	-0.0	-0.0	0
TXNIP	0.34945965	0.875801235	-0.92795897	-0.61041856	0
SFMBT2	-6.9843493	0.11233518199999999	-0.44592178	-0.19257969	0
HOMER1	-0.0	2.395091685	-0.0	-0.58749384	0
SPTLC3	-0.0	-0.0	-0.0	-0.0	0
GSDMD	-0.6423544699999999	-1.58519102	0.42220953	-1.4419956	0
STARD5	-0.0	-1.4212713	0.05342359	-0.28602424	0
IFIT3	-1.94811595	2.2838426	-0.839626	-0.28217417	0
BBC3	-0.0	0.22590469000000002	-1.5838245	-0.67251796	0
GJA4	-0.0	-0.0	-0.0	-0.0	0
CD7	-0.0	-0.74089078	-0.3003833	-1.0618641	0
SLFN13	-0.0	-0.75051008	-0.0	-0.20309928	0
PI4K2B	-0.0	0.356870845	0.5824834	-0.29391992	0
THSD1	-0.0	6.1202645	-0.0	-1.0375863	0
C1S	-0.0	0.42829225000000004	-0.0	-0.007281398	0
GCH1	0.9040346499999999	0.9138368	-0.23269978	-0.843398	0
STOML1	-0.0	1.1140344150000001	0.47016105	-0.8301858	0
PAX3	-0.0	-0.0	-0.0	-0.0	0
CH25H	-0.0	-0.0	-1.4242013	2.785253	0
MCOLN2	-0.030116737	0.09011583	-0.0	-0.31621745	0
PXK	1.18108835	-0.11290075	0.8587209	0.21677592	0
N4BP1	-1.00960515	0.43083821499999997	-0.3261498	-0.04867295	0
TLR4	-0.0	-0.76450031	0.21122193	-0.10392023	0
HOXD3	-0.0	-0.0	-0.0	-0.0	0
ZNRF2	-0.0	-0.26798131	0.78656584	0.4246723	0
LMO4	0.22630483	-0.9382860150000001	-0.79652685	-0.74951214	0
RNF19B	0.005178323	-0.38299687000000004	-0.4405942	-0.69453174	0
DDO	-0.0	3.1181551499999998	-0.0	0.6020096	0
PRAME	-0.0	-0.0	-0.0	-0.0	0
MAPK8IP2	-0.0	-0.0	-0.0	-0.019356914	0
GRIP2	-0.0	-0.0	-0.0	-0.0	0
APOL6	-1.10102375	-0.7210915925	0.66948396	-0.4409737	0
IL20RB	-0.0	4.4544315	-0.0	-0.9196345	0
CASP8	2.6150642	0.35035038	0.24642475	-0.24008702	0
HEG1	-0.0	-4.04254045	0.46311906	-0.2964382	0
CDK18	-0.0	-0.27351044999999996	0.4356244	-0.7620134	0
G6PC	-0.0	-0.0	-0.0	-0.0	0
ZC3HAV1	0.47203009	1.86136085	0.24618138	-0.10799651	0
ABLIM3	-0.0	-0.0	-0.0	-0.0	0
FFAR2	-0.0	-2.0810444500000003	-0.016238026	-0.22831582	0
FBXL7	-0.0	-0.0	-0.0	-0.0	0
EXOC3L1	-0.0	0.19548310000000002	-0.21605295	-0.79252136	0
BCL2L14	-0.0	-0.48264682999999997	-0.0	-0.29528633	0
RUSC1	-0.235139945	-0.73451407	0.98483115	0.15428247	0
RHEBL1	-0.0	1.8705511500000003	-0.0	-0.5109755	0
CREB3L3	-0.0	-0.0	-0.0	-0.0	0
MLKL	1.218217715	-0.527530255	0.54895735	0.042662513	0
ARL5B	-0.0	0.09589593500000002	0.67193377	-0.18606526	0
SFI1	-0.0	0.265107547	0.18245009	-0.15599078	0
LRRTM2	-0.0	5.528628	-0.0	-0.0	0
MYCBP2	1.35242825	0.376259785	0.78043437	-0.24466404	0
CD74	-0.529370865	0.0430281925	-0.749116	-0.28507903	0
SULF1	-0.0	4.6833386	-0.0	-0.0	0
LGALS9	0.5343161000000001	0.30151588500000004	-0.4371416	-0.44252682	0
HLA-C	0.093320578	0.537976895	-0.29563093	0.46136522	0
HOXB4	-7.368093	-1.365954215	-0.0	-0.37683073	0
AGRN	-0.0	1.27005442	-1.1813444	-0.34816447	0
WDFY2	0.5335411800000001	0.1444152985	0.093583696	-0.37960696	0
ZBTB42	-0.0	-3.19261265	-0.0	-1.0772436	0
TMEM30B	-0.0	-0.0	-0.0	-0.0	0
RBM47	0.385196	-0.8733375000000001	0.71397233	0.0061940765	0
DES	-0.0	-0.0	-0.0	-2.99363	0
CRY1	-0.0	-0.30486713000000004	-0.43442208	-0.37624916	0
LPIN2	-0.0	0.13463925200000001	0.58652353	-0.40375814	0
PTGS2	-0.0	0.562014991	-1.2285128	-0.86092746	0
USP25	-0.0	0.253389015	0.28260198	-0.2582424	0
B3GNT2	0.6511323	-0.24568775000000004	1.4751098	0.16736625	0
TMEM140	-0.0	0.15944382499999998	-0.54966575	-0.21651483	0
KIAA1217	-0.0	-5.14371375	-0.0	-1.8107885	0
TMEM62	8.773973	-0.59015095	0.45015517	0.22279134	0
SAA1	-0.0	-0.0	-0.0	-0.0	0
MOB3C	-0.0	0.9035119770000001	0.4012522	-0.57065713	0
PANX1	-0.0	0.8520998799999999	0.5839585	-0.10030125	0
PRKD2	-0.0	-0.21473084999999997	0.13619958	-0.5027791	0
IGFBP2	-0.0	-0.0	0.91516227	0.70906967	0
LGALS8	1.3334243	0.07605641999999999	0.36209518	-0.007466192	0
LIN52	-0.0	-0.343313655	-0.48984146	-0.2061648	0
FAS	-0.0	0.0607466735	-0.35102063	-0.05669642	0
HERC5	1.7027626	2.6273607	-0.17707488	-0.10128757	0
FAM111A	0.19023567000000002	0.142339	-0.013566839	-0.099952914	0
RFX5	0.12213774	-0.346711095	-0.1478988	-0.48338404	0
SH3GLB1	0.9610245550000001	-0.7619585108	0.3514842	0.13059339	0
ZBTB20	0.8258716	0.299612415	-0.29870266	-0.87884533	0
CEACAM1	-0.0	4.4474454	0.6625655	-0.87529546	0
EHD4	-0.41796357	-0.14833721500000002	0.8708032	0.15020904	0
BBX	-0.71492937	0.07362265	-0.3594784	-0.4514301	0
PROX1	-0.0	-0.0	-0.0	-0.0	0
NR1D1	-0.0	1.5235242	-0.65545934	0.6215527	0
AVPI1	-0.0	0.44762199	0.7894617	-0.212277	0
DUSP16	-0.0	0.540114075	-0.0	0.19000614	0
NPAS2	-0.0	-0.0	-0.0	-0.0	0
HLA-G	-0.0	-0.022343419999999996	0.20095766	0.41153982	0
RHBDF2	1.4355032	-1.5463791	-0.10821639	-0.43161938	0
GOLM1	-0.0	-3.1295202	0.8206116	-0.81739795	0
PDK1	-1.257839	0.066411725	0.048394144	0.28385386	0
NLRC5	-0.0	0.1324164	0.5075111	-0.5245369	0
HELB	-0.0	-0.502455075	-0.35327232	-0.028427485	0
RNF24	0.550390615	0.518723965	1.4802858	-0.07365585	0
ARHGAP27	1.6836913999999998	-0.627312035	-0.8747744	-0.29745606	0
NFE2L3	-0.0	-0.6619913900000001	0.15246116	-0.6693258	0
ELF1	1.2922945499999998	0.33045769	-0.6744257	-0.2899235	0
PIWIL4	-0.0	0.82019134	-0.25573426	-0.37402552	0
TNFAIP6	-0.0	5.669497	0.55951744	0.49867034	0
CLEC2B	0.7044779000000001	0.0678116	-0.75818765	-0.21708694	0
GBP7	-0.0	-0.0	-0.0	-2.083929	0
HAVCR2	-0.96966208	-0.7339894499999999	0.020816442	-0.057831135	0
CIITA	0.5606583350000001	0.77645729	0.50877565	-1.4035964	0
FAM107A	-0.0	-0.0	-0.0	-0.0	0
DENND5A	-0.0	-0.05964509500000001	-0.29598257	-0.2761004	0
IRF9	0.22178972000000002	-0.50988193	-1.0268153	0.109191164	0
PCDH10	-0.0	-0.0	-0.0	-0.0	0
C21orf91	-0.0344198	-0.31148251	-0.27259633	0.02016455	0
CXCL10	-0.0	-0.7276202	-1.0360883	-2.2591944	0
B3GALNT1	-0.0	0.03291013500000001	-0.0	-2.034896	0
STBD1	-0.0	6.253033	-0.0	-0.5990368	0
CD34	-0.0	4.613013	-0.0	-0.0	0
THBD	-8.471692	-1.145730515	0.2223299	0.11709467	0
STAP1	0.463208485	-1.257523235	-0.521207	-0.12491359	0
PDGFRL	-0.0	-0.0	-0.0	-0.0	0
TNFAIP3	0.07869525	0.410314075	0.35441875	-0.18785253	0
DUSP22	0.48144573	-0.19672818	-0.15521553	-0.26970157	0
CD47	0.6593829149999999	-0.8836256199999999	-0.5046921	-0.5728888	0
ADPRHL2	1.71510775	-1.1081319500000002	-0.04204741	-0.57511735	0
NUDCD1	1.3878495	0.13511718999999997	-0.28236592	-0.5290578	0
TRIM25	0.44926639	0.037556165	0.53972197	-0.20328751	0
CLEC4D	-0.0	-0.0	0.82876223	-0.12551121	0
C2	-0.0	-5.9898045	0.053354256	0.48811743	0
APOL2	6.060835	-2.1691134499999998	-0.05326685	-1.1186373	0
ZMYND15	-0.0	1.112145965	-0.5314933	-0.29016653	0
SAMD9L	0.9345432	0.26767860000000004	0.048031818	-0.44292426	0
JAG1	-0.0	-1.47841502	0.9122319	-0.251016	0
NEDD9	-0.0	0.19943214999999997	-0.56210333	-0.17093956	0
MAP2	-0.0	-0.0	-0.0	-0.0	0
AKT3	-0.0	0.43798949	0.19346808	-0.67329353	0
MIIP	1.183232	-1.95020885	-0.05030686	-1.1347111	0
PRDM16	-0.0	5.674355	-0.0	0.6364281	0
SLFN12	-0.0249162165	0.03619847999999998	0.5807541	0.4379612	0
ENPEP	-0.0	-0.0	-0.0	-0.0	0
AUTS2	-0.0	-0.46481499000000004	-0.0	-0.28242347	0
LGALS3BP	-0.28299439	0.011421349999999997	0.656793	0.04564108	0
INTS12	-0.067921813	-0.19217703	0.25883064	0.16894245	0
TRIM56	0.7875166499999999	-0.2813327000000001	-0.048409045	-0.5151862	0
IL6	-0.0	6.2075515	-0.0	0.063801415	0
AKAP3	-0.0	-0.0	-0.0	-0.0	0
HIST1H4H	-0.0	-0.9774346500000001	0.3301877	0.47784078	0
SLAMF8	-1.6941126	-2.5779737	1.818047	-0.57415175	0
SWT1	-0.0	1.1643843999999999	0.6952213	0.37330016	0
IFIT5	1.3708768	-0.03136012199999999	0.6539465	0.20957781	0
SLC2A12	-0.0	-0.0	-0.0	0.2453824	0
LRG1	0.186823375	-0.345147585	2.3996675	0.31286356	0
SPATS2L	-1.97469345	-0.17595639999999999	0.31841907	0.9247755	0
EGF	-0.0	-0.0	-0.0	-0.0	0
MYD88	1.3634460000000002	-0.177842555	0.04217368	0.25142395	0
AMPH	-0.0	-0.0	-0.0	4.6263447	0
PNRC1	-0.70709875	0.074186218	-0.7205264	-0.72920084	0
SEMA6A	-0.0	6.5634885	-0.0	0.12900567	0
PTCHD4	-0.0	-0.0	-0.0	-2.1103585	0
SUOX	-0.0	-1.15939185	0.51988065	-0.25416678	0
TRPC3	-0.0	-0.0	-0.0	-0.0	0
CCL7	-0.0	-0.0	-0.0	-0.7515318	0
MILR1	-1.19279785	-0.9313790550000001	0.01664407	0.12611212	0
ODC1	0.8204053250000001	0.16088648000000003	-0.64490324	-0.311249	0
PPM1K	0.7548292	-0.175171175	-0.6993722	-0.08610026	0
SFMBT1	-0.0	3.414030875	0.65252584	-0.6189867	0
ZBP1	-0.95450437	0.553956045	-1.3231063	-0.3163814	0
ANKRD45	-0.0	-0.0	-0.0	-0.0	0
UPP2	-0.0	-5.8279891500000005	-0.0	0.8408943	0
IL6ST	-5.9515905	-1.03846418	0.34665346	-0.41748545	0
SLFN11	-0.0	1.18921112	-1.0272505	-0.16019951	0
CSTF3	1.231654	-0.86779234	-0.08563697	-0.1698637	0
CKB	-0.0	1.62336315	-2.4921892	-1.1250901	0
GJD3	-0.0	-0.0	-0.0	-0.53546906	0
FAM167B	-0.0	-0.0	-0.0	-0.0	0
SPTBN5	-0.0	-0.0	-0.0	0.20185663	0
NXPH3	-0.0	-0.0	-0.0	-0.0	0
SRGAP2C	-2.21732795	-0.6444685800000001	0.15149674	-0.21376444	0
OSBPL10	-0.0	-0.031980309	-0.0	0.57091564	0
HELZ2	0.04245498	0.73955878	-0.046362508	0.0036275433	0
PKD1L1	-0.0	-0.0	-0.0	-0.6624512	0
DDX58	0.9092482500000001	-0.64646855	-0.18807612	0.08025312	0
RSPO3	-0.0	-0.0	-0.0	-0.0	0
ZFYVE26	-0.0	0.06978100355	-0.24776718	0.04935734	0
AAED1	-0.386211065	-0.0	0.23347898	-0.0	0
SIX1	-0.0	-0.0	-0.0	-0.0	0
IL1RL1	-0.0	-0.0	-0.0	-0.0	0
RARRES3	0.5144194	-0.0	0.14999281	-0.0	0
GALNT3	7.5513816	0.324469305	-0.094880514	-0.49820316	0
SOCS2	-0.0	-0.0	-0.0	-0.98377097	0
CCNYL1	-0.0	0.1592867	1.0499452	-0.029857408	0
ARL9	-0.0	-0.0	-0.0	-1.8883032	0
ZNF710	-0.0	-0.67753647	-0.774275	-0.25078964	0
HERC6	0.24626151500000001	1.4463471	-0.5893547	0.72486585	0
IFI16	-0.20158621499999999	-0.320138385	0.84465396	0.290813	0
NOS2	-0.0	-0.0	-0.0	-0.0	0
RFTN2	-0.0	-0.0	-0.0	-0.0	0
NR4A3	-0.253053135	1.05808418	0.1897211	0.56824505	0
RIPK1	-0.8886658249999999	-0.7725494399999999	0.37892526	-0.29453158	0
TRAF2	-0.0	-1.65469655	0.2696921	-1.2938333	0
MCL1	0.407454745	0.7570634850000001	0.5927709	0.07323684	1
DENND3	0.38570972	1.1367082	0.8642755	0.05198851	1
DDX60L	1.90559405	0.589101535	0.0011048956	0.15907344	1
IL1RN	0.46650400999999997	0.636776745	0.31344283	0.2107423	1
MEF2C	0.705218415	0.88296153	0.30106944	0.029931685	1
RPL22	0.0055208537	0.03872444500000001	0.41260532	0.30828768	1
RBMS2	0.6092799	0.612314325	1.0441934	0.14478134	1
SLC30A1	1.7608588	0.5518126	0.15754962	0.31617224	1
PTMA	0.19760253	0.003169649999999996	0.025403885	0.15077111	1
OASL	0.57322419	2.92473725	0.15463486	0.8664591	1
CEBPD	0.913264175	0.608051	0.94298875	0.95013565	1
ANTXR2	0.77200943	1.01753515	0.6521565	0.6675191	1
TTC38	2.1352506499999997	1.05512465	0.4670526	0.26483044	1
FAM76A	2.12573595	1.1926291500000001	0.8675508	0.027722986	1
YEATS2	0.472444415	0.284834145	0.22130692	0.36152297	1
SGK1	0.108943895	0.37712255000000006	0.2759519	0.507283	1
PNPT1	0.201615525	1.28921775	0.050096367	0.59180725	1
SP100	0.74370265	0.23234966499999998	0.6692882	0.07383641	1
CMTR1	1.40614555	0.295211695	0.70873094	0.27327874	1
TRIM22	0.63457036	0.67571473	0.32087624	0.23120658	1
RAB8B	1.1788710999999998	0.268865176	0.41160938	0.16523945	1
GPBP1	1.37945435	0.23741249	0.52996653	0.13482112	1
ETS2	2.18608455	0.43925855999999996	0.11732281	0.21791512	1
OAS2	0.350434195	0.5504385	0.038141087	0.81564826	1
TLE4	1.1661517	0.7133126000000001	0.29382843	0.08984168	1
IFITM3	0.8182436500000001	1.6685972	0.06531749	0.5211345	1
ACSL5	1.1228417	0.3136196025	0.36038405	0.522892	1
CDC42EP3	0.07095499	0.254336675	0.89496	0.31164095	1
USP15	0.367478415	0.36520190500000005	1.1761695	0.12302758	1
DDIT4	1.92632585	1.7128271499999999	0.6320763	1.3092384	2
ETV6	1.49163125	0.40521166	1.1385117	-0.29575774	2
JUP	0.31244275	1.018180865	0.41938707	1.7526357	2
LGALS3	-0.688032925	1.17300517	1.0266787	0.54991543	2
OTOF	0.6156522799999999	9.323592	0.18986322	1.240472	2
FKBP5	4.0779453	-0.36300415	2.0797243	2.0735738	2
SIGLEC1	-0.0	3.3138306	0.078032434	3.4494443	2
ISG15	0.227484175	2.83511385	-0.6072245	1.8801159	2
STEAP4	-0.0	1.36010695	1.6559186	-1.0495983	2
PLEKHN1	-0.0	3.02337321	3.7354085	-1.0017301	2
HESX1	0.1160216625	2.04174815	-0.8581036	2.1588266	2
MX1	0.4310697	3.69295585	-0.12141131	2.7794304	2
EIF2AK2	1.5981445	1.20612225	0.31963488	1.0708369	2
KCTD14	-0.0	2.2362727000000002	2.5675223	1.6017896	2
AQP9	-0.0	2.5557293800000003	1.2298251	-0.33186343	2
CDKL1	-0.0	1.3152592000000003	1.7448441	-0.042658158	2
MCTP2	-0.0	5.693661	2.2665687	-0.095656335	2
IFIT1	1.1929651	2.04448085	-1.544895	1.3728251	2
TSPAN33	1.6212638	0.15368371	1.3190165	-0.10451973	2
ACSL1	9.405557	0.24943477799999997	2.0455885	0.8307631	2
GCA	1.29542335	-2.3618897	1.1172432	0.035465933	2
EZR	1.9971614999999998	0.23792929000000002	1.1433964	0.085503004	2
IFI44L	-0.8228558	5.2763567	0.15052913	3.3259835	2
GMPR	0.46644111	2.2303762000000003	0.6095522	1.767604	2
SCN9A	-0.83950795	1.8255249	3.5331647	1.492375	2
SLC2A5	-0.0	4.5666137	0.28271654	1.59708	2
S100A8	1.1519404500000001	-0.4011771	3.1790018	0.6542874	2
MUC1	-0.0	4.2577763	4.6344585	-2.2359653	2
SAMHD1	1.0624867999999998	0.1273971975	1.154226	-0.35849816	2
RSAD2	1.6814754	1.74720915	-0.19499396	1.3828884	2
MT1G	-0.0	4.6916566	1.3743819	-0.4231413	2
RAB27A	1.84394515	-0.625095015	1.115057	0.34727362	2
SERPINE1	-0.0	1.14948785	-0.0	1.2277738	2
IFI6	0.5607959	4.32145065	0.43672913	3.4203782	2
CSF1	-0.0	4.601366	1.6522708	-0.23443417	2
HAS1	-0.0	4.57557	-0.0	1.3036021	2
SERPINB1	1.6692244	0.06185869999999999	1.9988431	0.4916069	2
USP18	0.32960259999999997	1.528620075	-0.82732457	1.4623137	2
STAT1	2.0699814	0.45613685000000004	1.4890573	-0.5328109	2
IFI44	1.3006852	2.5683558	0.2637265	2.0188692	2
TEC	1.3893998	-0.438452885	2.000471	0.2443734	2
PIM3	1.58508845	1.1957314	2.5569434	0.58558536	2
STAT4	-0.0	1.02755324	1.1301994	-0.13869318	2
MND1	-0.0	4.34468335	3.9179256	-1.1452547	2
ZC3H12A	2.8768097	-0.00033551500000000845	1.4427519	0.22928016	2
CMPK2	1.4565703	1.8019648999999998	0.9175074	1.1423085	2
STARD4	4.6705292499999995	-0.008214039999999978	1.3506655	0.36095312	2
TCAF2	-0.0	3.70203348	2.26795	0.16570584	2
CD163	7.570327	1.6385756	1.513144	1.7155334	3
IFI27	1.1532335	9.648399000000001	1.7939	7.778877	3
CDK17	-8.596151	0.24325682	0.009799499	-0.01286439	5
TAPBP	1.09938255	-0.8275737099999999	0.55145866	-1.1213565	5
TNFRSF10A	0.15144395	-0.5696739799999999	1.3053969	-0.5696912	5
LY6E	-0.09652232499999999	1.7372622	-0.29686007	0.60130525	5
SECTM1	0.343752905	-1.6850804149999998	0.17807667	-1.4529332	5
NUP50	0.31213915000000003	-1.6302406999999999	0.07672212	-0.27835813	5
NOD2	0.199682085	-0.0014381279999999969	0.7577246	-0.101896346	5
MYOF	0.10790337	-2.3195488500000003	1.77123	-0.7742631	5
CDC25B	2.4633025	-0.99667215	1.1823658	-0.08414547	5
DTX3L	0.19101633	-0.99092655	1.0706295	-0.28583127	5
ERAP1	0.71468815	-0.41803488499999997	0.59937876	-0.39488643	5
TMEM106A	2.6774894	-1.81392005	0.84136474	-0.10700949	5
VMP1	1.279776	-0.36714261000000004	0.46053872	-0.055424772	5
STAT3	1.3496179000000001	-1.36634995	1.0112044	-0.48443952	5
SETDB2	-5.86516765	0.24170504	-0.3461275	0.17665677	5
BAK1	0.13454067	-1.2066867000000001	0.116722606	-0.7983093	5
H3F3B	-0.12137679	0.35547863999999996	-0.18669522	0.035737406	5
DYNLT1	0.43896878	-0.8320474499999999	0.24310616	-0.48027498	5
RAB3IP	7.8885226	-0.49199974999999996	1.2790924	-0.5052063	5
CASP7	1.3873904499999998	-0.883343475	0.37547	-0.49174327	5
GLIPR2	1.6649139499999999	-0.705510186	2.0470712	-0.58135635	5
FAM189B	-0.795584065	0.21956874999999998	0.3704714	-0.06669411	5
ZCCHC2	-0.1861785575	1.29754473	-0.037791744	0.96364677	5
ALPK1	2.7467999499999998	-1.0452963	0.8052688	-0.11904227	5
CREM	-1.58166145	0.867543865	0.94932246	-0.013386061	5
ODF2L	1.63934435	-1.0393685000000001	0.088422224	-0.31707886	5
MED25	1.22686955	-0.5159466	0.4322703	-0.43393648	5
PPP3CC	0.884709745	-0.83831322	0.22764978	-0.2843305	5
ANXA2R	0.7001456	-0.363802125	0.15080777	-0.58062303	5
CALHM6	-1.00210835	0.24035778299999996	-1.017793	0.04377798	5
FGD2	1.55546845	-1.00754015	0.30583504	-0.91409796	5
BLVRA	0.372015135	-0.08571165000000003	0.09517247	-0.15686324	5
FCGR1B	2.54972875	-1.57477475	1.4480714	-0.6004489	5
EPSTI1	-1.34248915	0.44803584999999996	0.50612587	-0.105740376	5
GBP5	0.161485225	-1.4911530000000002	0.37622342	-1.2753847	5
PSMB8	0.853032375	-0.96670765	0.40367863	-0.8115479	5
JAK2	1.312789	-0.06174463500000002	0.19714339	-0.56342053	5
THEMIS2	-0.421401465	0.096418205	0.4287105	-0.58840275	5
ANKRD22	8.794562	-2.37293315	1.7712831	-0.9340571	5
SLC15A3	-1.2064157500000001	0.61865992	0.054114707	-0.57501125	5
LMNB1	0.53769132	-1.207883	1.6926354	-0.63313484	5
BAG1	0.12488921500000001	-0.37861247	0.1603879	-0.1508542	5
GTPBP1	0.5185692	-0.8350777300000001	0.4913975	-0.3114174	5
IFITM1	-0.207011145	3.10495155	-1.2895731	1.7377223	5
VAMP5	1.52461455	-2.52669654	1.0669839	-1.4980797	5
PARP10	-1.42223155	0.232956445	0.0990397	-0.8624798	5
FCGR1A	1.37763065	-2.4830748000000002	2.8467748	-0.56834906	5
SRGAP2B	-0.451091845	0.36239665	-0.20861422	0.21608326	5
IFNGR1	0.81387155	-0.9885686	0.84634715	-0.057423465	5
ST3GAL4	1.11033825	-0.64600185	1.0383669	-0.13723852	5
MS4A4A	-1.2700550000000002	0.6632398749999999	-0.107782975	1.1993895	5
CNDP2	1.79965275	-1.3451907	1.082752	-0.47562274	5
CAMK2D	0.786963925	-0.529991675	0.88229793	-0.9427315	5
POLA2	5.7616233	-1.42608875	0.055873036	-0.21018156	5
GBP2	1.2556573	-2.7254386999999998	1.2014861	-0.8865373	5
CES1	-0.9428216700000001	0.840465815	1.9553925	-0.51155275	5
LAP3	0.6167853750000001	-0.6147934850000001	1.2498896	-0.9101657	5
PPM1J	-0.156292765	0.15454088	3.3234653	-1.4627366	5
PATL2	-0.09193488500000001	0.50167091	-0.08957979	0.033330858	5
RELA	0.06016586627	-1.00580085	0.40075284	-0.515961	5
N4BP2L1	1.4680697999999999	-1.0981619	0.10712353	-0.6271362	5
UBE2L6	0.138571395	-0.9873194100000001	0.106273346	-1.0673977	5
PLSCR1	-0.0575631875	0.342087504	0.8636949	-0.11242074	5
SERPINB9	1.3744791	-0.8515305	0.41642457	-1.1718239	5
IL15RA	0.423266815	-1.441815555	0.94122213	-0.44925585	5
PSMB10	0.386483165	-1.4845528	0.5482785	-0.56142443	5
TRIM69	0.014337642	-0.51886327	0.0064677815	-0.16656001	5
HSH2D	-0.5256187	1.1489971	-0.38994795	0.17983702	5
RGS1	-4.668474	0.129759335	-2.1411445	2.155064	5
HK2	1.31362735	-0.33823011000000003	0.44354552	-0.37358314	5
ERAP2	0.60880539	-1.04551958	0.04287466	-0.25730985	5
ARNTL	0.221253172	-0.12065027749999999	0.689674	-0.1519818	5
NCOA2	-0.33355429999999997	0.1319737075	0.2762525	-0.41723934	5
DNAJA1	0.23069548	-1.311228225	0.6862668	-0.51244533	5
WARS	1.18792	-1.655868885	0.8553912	-2.1918108	5
HAPLN3	0.521238775	-0.7244539	0.48830596	-1.6904912	5
ODF3B	-0.677058	0.553047865	-0.5965808	0.18149516	5
IMPA2	-1.2109944000000001	0.41605385	0.080214664	-0.19909897	5
AFF1	1.17200095	-0.34582986499999996	0.1352402	-0.77306896	5
MT1X	0.5238501999999999	-1.0117394	0.993688	-0.08346732	5
SNX27	0.8630198299999999	-0.62834154	0.19964097	-0.6291331	5
DUSP6	7.6753426	-0.82516022	0.05090596	-0.32465866	5
CD38	2.4007759	-0.15406948599999998	0.6642918	-0.6790056	5
TAP1	1.74080015	-2.2510709	1.608688	-1.0157748	5
NADK	0.41175755999999997	-1.07793915	0.031017754	-0.8192415	5
XRN1	0.11868205849999999	-0.312462825	0.14756079	-0.62731135	5
TFEC	6.1627437	-1.0269916000000001	0.7980073	-0.40162706	5
SLC25A28	4.297373	-0.5555403750000001	0.33555108	-0.41329154	5
KIAA0040	2.1985862999999997	-1.03997942	0.44527286	-0.3923693	5
IDO1	1.089921975	-1.0362376800000002	4.4174037	-3.3183553	5
MBP	0.6547253500000001	-0.11896556999999999	0.3134469	-0.7817522	5
SLC8A1	1.9735814999999999	-0.2234654355	0.67647475	-0.9537408	5
CTNNBL1	0.793534825	-0.53915794	0.14075197	-0.032476265	5
OAS1	-0.255093305	0.11270550000000001	-0.59020466	0.14772567	5
PRRG4	0.973523015	-0.9873427499999999	1.1269498	-0.33379754	5
NCOA7	0.2658148	-0.607162515	0.27205732	-0.057347935	5
PRKCD	1.6489894	-1.102670265	0.31036592	-0.59221625	5
ZNFX1	0.28449471	-0.32595633	0.3500083	-0.1369564	5
USP42	4.66424645	-0.30979743	0.11714597	-0.20604822	5
SMARCA5	0.60065467	-0.8188038	0.5089768	-0.2948162	5
PADI2	-7.389942	0.93406262	1.8291125	-0.32837445	5
FYTTD1	1.1490539499999999	-0.027837709999999988	0.75212115	-0.2683748	5
AIDA	0.72386336	-0.8982114999999999	0.10177551	-0.1942167	5
SLFN5	0.8952019499999999	-2.02786795	0.9450625	-0.11477541	5
ZNF224	1.19687605	-0.22956714	0.1336165	-0.32442668	5
TINF2	1.4836938499999999	-1.5677363	0.081424974	-0.41182023	5
PSME2	0.41433772999999996	-1.1593416650000001	1.0227666	-0.7492318	5
PSMA4	1.05696035	-0.96339459	0.5469713	-0.7548609	5
ICAM1	0.12814755	-0.23057339200000002	0.45219538	-1.1781067	5
IRF1	0.9566831250000001	-1.26126227	2.0436416	-0.88263655	5
GAK	-0.6453374000000001	0.3596435551	0.7009638	-0.26689175	5
SUN2	2.2746092	-0.825264215	0.26957121	-0.7445273	5
TOP1	1.0960313	-1.2264002	0.5028367	-0.33437082	5
KLF6	-0.07363518599999999	0.806696265	-0.19634803	0.057811443	5
TRIM5	0.016190407	-0.662193895	0.37031654	-0.18882379	5
GBP3	0.7249363	-1.3345307499999999	0.46610546	-0.3663657	5
GBP1	2.2873231499999997	-1.9496132299999998	1.0675604	-1.9559792	5
SEMA4B	-0.47178781000000003	1.11113185	0.12711963	-1.033083	5
